"","Metric","Level","value","Time"
"1","connectance","Hummingbirds",0.164102564102564,"1.2014"
"2","web asymmetry","Hummingbirds",-0.0714285714285714,"1.2014"
"3","links per species","Hummingbirds",1.14285714285714,"1.2014"
"4","number of compartments","Hummingbirds",1,"1.2014"
"5","compartment diversity","Hummingbirds",NA,"1.2014"
"6","cluster coefficient","Hummingbirds",0.133333333333333,"1.2014"
"7","nestedness","Hummingbirds",24.5427308474638,"1.2014"
"8","weighted nestedness","Hummingbirds",0.228951919739333,"1.2014"
"9","weighted NODF","Hummingbirds",10.4280510018215,"1.2014"
"10","interaction strength asymmetry","Hummingbirds",0.12821468654802,"1.2014"
"11","specialisation asymmetry","Hummingbirds",0.0335543717731145,"1.2014"
"12","linkage density","Hummingbirds",2.36874928140594,"1.2014"
"13","weighted connectance","Hummingbirds",0.0845981886216408,"1.2014"
"14","Fisher alpha","Hummingbirds",NA,"1.2014"
"15","Shannon diversity","Hummingbirds",3.14658842309009,"1.2014"
"16","interaction evenness","Hummingbirds",0.596735954202726,"1.2014"
"17","Alatalo interaction evenness","Hummingbirds",0.789752658048259,"1.2014"
"18","H2","Hummingbirds",0.763667270857599,"1.2014"
"19","number.of.species.HL","Hummingbirds",13,"1.2014"
"20","mean.number.of.shared.partners.HL","Hummingbirds",0.346153846153846,"1.2014"
"21","cluster.coefficient.HL","Hummingbirds",0.195791805094131,"1.2014"
"22","weighted.cluster.coefficient.HL","Hummingbirds",0,"1.2014"
"23","niche.overlap.HL","Hummingbirds",0.102317549446723,"1.2014"
"24","togetherness.HL","Hummingbirds",0.0702564102564103,"1.2014"
"25","C.score.HL","Hummingbirds",0.765584045584046,"1.2014"
"26","V.ratio.HL","Hummingbirds",1.07272727272727,"1.2014"
"27","discrepancy.HL","Hummingbirds",21,"1.2014"
"28","extinction.slope.HL","Hummingbirds",2.12557850782981,"1.2014"
"29","robustness.HL","Hummingbirds",0.676006385533502,"1.2014"
"30","functional.complementarity.HL","Hummingbirds",41.7021800625336,"1.2014"
"31","partner.diversity.HL","Hummingbirds",0.80096226322945,"1.2014"
"32","generality.HL","Hummingbirds",2.55174352506694,"1.2014"
"33","Raw.Camera","Hummingbirds",60,"1.2014"
"34","Raw.Transect","Hummingbirds",29,"1.2014"
"35","connectance","Plants",0.164102564102564,"1.2014"
"36","web asymmetry","Plants",-0.0714285714285714,"1.2014"
"37","links per species","Plants",1.14285714285714,"1.2014"
"38","number of compartments","Plants",1,"1.2014"
"39","compartment diversity","Plants",NA,"1.2014"
"40","cluster coefficient","Plants",0.133333333333333,"1.2014"
"41","nestedness","Plants",24.5427308474638,"1.2014"
"42","weighted nestedness","Plants",0.252048917502515,"1.2014"
"43","weighted NODF","Plants",10.4280510018215,"1.2014"
"44","interaction strength asymmetry","Plants",0.12821468654802,"1.2014"
"45","specialisation asymmetry","Plants",0.0335543717731145,"1.2014"
"46","linkage density","Plants",2.36874928140594,"1.2014"
"47","weighted connectance","Plants",0.0845981886216408,"1.2014"
"48","Fisher alpha","Plants",NA,"1.2014"
"49","Shannon diversity","Plants",3.14658842309009,"1.2014"
"50","interaction evenness","Plants",0.596735954202726,"1.2014"
"51","Alatalo interaction evenness","Plants",0.789752658048259,"1.2014"
"52","H2","Plants",0.763667270857599,"1.2014"
"53","number.of.species.HL","Plants",15,"1.2014"
"54","mean.number.of.shared.partners.HL","Plants",0.352380952380952,"1.2014"
"55","cluster.coefficient.HL","Plants",0.210069000766675,"1.2014"
"56","weighted.cluster.coefficient.HL","Plants",0,"1.2014"
"57","niche.overlap.HL","Plants",0.115164315761963,"1.2014"
"58","togetherness.HL","Plants",0.0899470899470899,"1.2014"
"59","C.score.HL","Plants",0.736838624338624,"1.2014"
"60","V.ratio.HL","Plants",0.711229946524064,"1.2014"
"61","discrepancy.HL","Plants",19,"1.2014"
"62","extinction.slope.HL","Plants",1.89636019290862,"1.2014"
"63","robustness.HL","Plants",0.651548926552803,"1.2014"
"64","functional.complementarity.HL","Plants",44.2195689419121,"1.2014"
"65","partner.diversity.HL","Plants",0.716388692926373,"1.2014"
"66","generality.HL","Plants",2.18575503774495,"1.2014"
"67","Raw.Camera","Plants",60,"1.2014"
"68","Raw.Transect","Plants",29,"1.2014"
"69","connectance","Hummingbirds",0.216666666666667,"10.2013"
"70","web asymmetry","Hummingbirds",-0.0909090909090909,"10.2013"
"71","links per species","Hummingbirds",1.18181818181818,"10.2013"
"72","number of compartments","Hummingbirds",1,"10.2013"
"73","compartment diversity","Hummingbirds",NA,"10.2013"
"74","cluster coefficient","Hummingbirds",0.25,"10.2013"
"75","nestedness","Hummingbirds",23.0661511414988,"10.2013"
"76","weighted nestedness","Hummingbirds",0.220890494850562,"10.2013"
"77","weighted NODF","Hummingbirds",13.8438438438438,"10.2013"
"78","interaction strength asymmetry","Hummingbirds",-0.0877286694860921,"10.2013"
"79","specialisation asymmetry","Hummingbirds",0.0723363514729115,"10.2013"
"80","linkage density","Hummingbirds",2.32667870032371,"10.2013"
"81","weighted connectance","Hummingbirds",0.105758122741987,"10.2013"
"82","Fisher alpha","Hummingbirds",NA,"10.2013"
"83","Shannon diversity","Hummingbirds",2.86495106846224,"10.2013"
"84","interaction evenness","Hummingbirds",0.598424231808157,"10.2013"
"85","Alatalo interaction evenness","Hummingbirds",0.740013924653352,"10.2013"
"86","H2","Hummingbirds",0.71819974238313,"10.2013"
"87","number.of.species.HL","Hummingbirds",10,"10.2013"
"88","mean.number.of.shared.partners.HL","Hummingbirds",0.733333333333333,"10.2013"
"89","cluster.coefficient.HL","Hummingbirds",0.256321618334294,"10.2013"
"90","weighted.cluster.coefficient.HL","Hummingbirds",0.152371901480954,"10.2013"
"91","niche.overlap.HL","Hummingbirds",0.173782651880705,"10.2013"
"92","togetherness.HL","Hummingbirds",0.167361111111111,"10.2013"
"93","C.score.HL","Hummingbirds",0.531944444444444,"10.2013"
"94","V.ratio.HL","Hummingbirds",0.857142857142857,"10.2013"
"95","discrepancy.HL","Hummingbirds",15,"10.2013"
"96","extinction.slope.HL","Hummingbirds",2.48184243232198,"10.2013"
"97","robustness.HL","Hummingbirds",0.702316391401184,"10.2013"
"98","functional.complementarity.HL","Hummingbirds",44.2960352539145,"10.2013"
"99","partner.diversity.HL","Hummingbirds",0.857028763134811,"10.2013"
"100","generality.HL","Hummingbirds",2.52947827887493,"10.2013"
"101","Raw.Camera","Hummingbirds",11,"10.2013"
"102","Raw.Transect","Hummingbirds",136,"10.2013"
"103","connectance","Plants",0.216666666666667,"10.2013"
"104","web asymmetry","Plants",-0.0909090909090909,"10.2013"
"105","links per species","Plants",1.18181818181818,"10.2013"
"106","number of compartments","Plants",1,"10.2013"
"107","compartment diversity","Plants",NA,"10.2013"
"108","cluster coefficient","Plants",0.25,"10.2013"
"109","nestedness","Plants",23.4045072851424,"10.2013"
"110","weighted nestedness","Plants",0.237976771526132,"10.2013"
"111","weighted NODF","Plants",13.8438438438438,"10.2013"
"112","interaction strength asymmetry","Plants",-0.0877286694860921,"10.2013"
"113","specialisation asymmetry","Plants",0.0723363514729115,"10.2013"
"114","linkage density","Plants",2.32667870032371,"10.2013"
"115","weighted connectance","Plants",0.105758122741987,"10.2013"
"116","Fisher alpha","Plants",NA,"10.2013"
"117","Shannon diversity","Plants",2.86495106846224,"10.2013"
"118","interaction evenness","Plants",0.598424231808157,"10.2013"
"119","Alatalo interaction evenness","Plants",0.740013924653352,"10.2013"
"120","H2","Plants",0.71819974238313,"10.2013"
"121","number.of.species.HL","Plants",12,"10.2013"
"122","mean.number.of.shared.partners.HL","Plants",0.424242424242424,"10.2013"
"123","cluster.coefficient.HL","Plants",0.3445938160169,"10.2013"
"124","weighted.cluster.coefficient.HL","Plants",0.142087651122625,"10.2013"
"125","niche.overlap.HL","Plants",0.125150084338961,"10.2013"
"126","togetherness.HL","Plants",0.0820707070707071,"10.2013"
"127","C.score.HL","Plants",0.693813131313131,"10.2013"
"128","V.ratio.HL","Plants",1.86086956521739,"10.2013"
"129","discrepancy.HL","Plants",12,"10.2013"
"130","extinction.slope.HL","Plants",1.77724448156063,"10.2013"
"131","robustness.HL","Plants",0.641530216440125,"10.2013"
"132","functional.complementarity.HL","Plants",47.3386195456659,"10.2013"
"133","partner.diversity.HL","Plants",0.650576735963288,"10.2013"
"134","generality.HL","Plants",2.12387912177249,"10.2013"
"135","Raw.Camera","Plants",11,"10.2013"
"136","Raw.Transect","Plants",136,"10.2013"
"137","connectance","Hummingbirds",0.181818181818182,"10.2014"
"138","web asymmetry","Hummingbirds",0,"10.2014"
"139","links per species","Hummingbirds",1,"10.2014"
"140","number of compartments","Hummingbirds",3,"10.2014"
"141","compartment diversity","Hummingbirds",2.26109648319886,"10.2014"
"142","cluster coefficient","Hummingbirds",0.181818181818182,"10.2014"
"143","nestedness","Hummingbirds",30.8161626487502,"10.2014"
"144","weighted nestedness","Hummingbirds",0.150704158957635,"10.2014"
"145","weighted NODF","Hummingbirds",8.33333333333333,"10.2014"
"146","interaction strength asymmetry","Hummingbirds",-0.0141220475431002,"10.2014"
"147","specialisation asymmetry","Hummingbirds",-0.0149100339925245,"10.2014"
"148","linkage density","Hummingbirds",2.06153989804028,"10.2014"
"149","weighted connectance","Hummingbirds",0.093706359001831,"10.2014"
"150","Fisher alpha","Hummingbirds",NA,"10.2014"
"151","Shannon diversity","Hummingbirds",2.78029210347134,"10.2014"
"152","interaction evenness","Hummingbirds",0.579735932384301,"10.2014"
"153","Alatalo interaction evenness","Hummingbirds",0.76124159267973,"10.2014"
"154","H2","Hummingbirds",0.784671712354161,"10.2014"
"155","number.of.species.HL","Hummingbirds",11,"10.2014"
"156","mean.number.of.shared.partners.HL","Hummingbirds",0.327272727272727,"10.2014"
"157","cluster.coefficient.HL","Hummingbirds",0.213598166539343,"10.2014"
"158","weighted.cluster.coefficient.HL","Hummingbirds",0.12780269058296,"10.2014"
"159","niche.overlap.HL","Hummingbirds",0.109105127986291,"10.2014"
"160","togetherness.HL","Hummingbirds",0.0876623376623377,"10.2014"
"161","C.score.HL","Hummingbirds",0.767424242424242,"10.2014"
"162","V.ratio.HL","Hummingbirds",0.597826086956522,"10.2014"
"163","discrepancy.HL","Hummingbirds",15,"10.2014"
"164","extinction.slope.HL","Hummingbirds",1.87929502992319,"10.2014"
"165","robustness.HL","Hummingbirds",0.650226279194962,"10.2014"
"166","functional.complementarity.HL","Hummingbirds",47.7135600324082,"10.2014"
"167","partner.diversity.HL","Hummingbirds",0.577145627651024,"10.2014"
"168","generality.HL","Hummingbirds",2.00255473614283,"10.2014"
"169","Raw.Camera","Hummingbirds",38,"10.2014"
"170","Raw.Transect","Hummingbirds",43,"10.2014"
"171","connectance","Plants",0.181818181818182,"10.2014"
"172","web asymmetry","Plants",0,"10.2014"
"173","links per species","Plants",1,"10.2014"
"174","number of compartments","Plants",3,"10.2014"
"175","compartment diversity","Plants",2.26109648319886,"10.2014"
"176","cluster coefficient","Plants",0.181818181818182,"10.2014"
"177","nestedness","Plants",30.6094411224303,"10.2014"
"178","weighted nestedness","Plants",0.144938322732946,"10.2014"
"179","weighted NODF","Plants",8.33333333333333,"10.2014"
"180","interaction strength asymmetry","Plants",-0.0141220475431002,"10.2014"
"181","specialisation asymmetry","Plants",-0.0149100339925245,"10.2014"
"182","linkage density","Plants",2.06153989804028,"10.2014"
"183","weighted connectance","Plants",0.093706359001831,"10.2014"
"184","Fisher alpha","Plants",NA,"10.2014"
"185","Shannon diversity","Plants",2.78029210347134,"10.2014"
"186","interaction evenness","Plants",0.579735932384301,"10.2014"
"187","Alatalo interaction evenness","Plants",0.76124159267973,"10.2014"
"188","H2","Plants",0.784671712354161,"10.2014"
"189","number.of.species.HL","Plants",11,"10.2014"
"190","mean.number.of.shared.partners.HL","Plants",0.290909090909091,"10.2014"
"191","cluster.coefficient.HL","Plants",0.225668449197861,"10.2014"
"192","weighted.cluster.coefficient.HL","Plants",0.0878725590955807,"10.2014"
"193","niche.overlap.HL","Plants",0.10661174983629,"10.2014"
"194","togetherness.HL","Plants",0.0746753246753247,"10.2014"
"195","C.score.HL","Plants",0.781439393939394,"10.2014"
"196","V.ratio.HL","Plants",0.819148936170213,"10.2014"
"197","discrepancy.HL","Plants",14,"10.2014"
"198","extinction.slope.HL","Plants",1.73519646413706,"10.2014"
"199","robustness.HL","Plants",0.630441102082983,"10.2014"
"200","functional.complementarity.HL","Plants",47.5485476972022,"10.2014"
"201","partner.diversity.HL","Plants",0.627933505918635,"10.2014"
"202","generality.HL","Plants",2.12052505993774,"10.2014"
"203","Raw.Camera","Plants",38,"10.2014"
"204","Raw.Transect","Plants",43,"10.2014"
"205","connectance","Hummingbirds",0.158119658119658,"11.2013"
"206","web asymmetry","Hummingbirds",-0.161290322580645,"11.2013"
"207","links per species","Hummingbirds",1.19354838709677,"11.2013"
"208","number of compartments","Hummingbirds",2,"11.2013"
"209","compartment diversity","Hummingbirds",1.27025427100027,"11.2013"
"210","cluster coefficient","Hummingbirds",0.111111111111111,"11.2013"
"211","nestedness","Hummingbirds",21.5996817389763,"11.2013"
"212","weighted nestedness","Hummingbirds",0.315432559078147,"11.2013"
"213","weighted NODF","Hummingbirds",10.5627705627706,"11.2013"
"214","interaction strength asymmetry","Hummingbirds",-0.0137640391197937,"11.2013"
"215","specialisation asymmetry","Hummingbirds",0.0153909421200229,"11.2013"
"216","linkage density","Hummingbirds",2.63928266568336,"11.2013"
"217","weighted connectance","Hummingbirds",0.0851381505059148,"11.2013"
"218","Fisher alpha","Hummingbirds",NA,"11.2013"
"219","Shannon diversity","Hummingbirds",3.22711498487407,"11.2013"
"220","interaction evenness","Hummingbirds",0.591553625649857,"11.2013"
"221","Alatalo interaction evenness","Hummingbirds",0.730392359442431,"11.2013"
"222","H2","Hummingbirds",0.718937898062485,"11.2013"
"223","number.of.species.HL","Hummingbirds",13,"11.2013"
"224","mean.number.of.shared.partners.HL","Hummingbirds",0.423076923076923,"11.2013"
"225","cluster.coefficient.HL","Hummingbirds",0.227029914529915,"11.2013"
"226","weighted.cluster.coefficient.HL","Hummingbirds",0.117595628415301,"11.2013"
"227","niche.overlap.HL","Hummingbirds",0.142660284656231,"11.2013"
"228","togetherness.HL","Hummingbirds",0.065224358974359,"11.2013"
"229","C.score.HL","Hummingbirds",0.727649572649573,"11.2013"
"230","V.ratio.HL","Hummingbirds",1.91534391534392,"11.2013"
"231","discrepancy.HL","Hummingbirds",21,"11.2013"
"232","extinction.slope.HL","Hummingbirds",2.27883511321526,"11.2013"
"233","robustness.HL","Hummingbirds",0.688348005585455,"11.2013"
"234","functional.complementarity.HL","Hummingbirds",79.4256938931768,"11.2013"
"235","partner.diversity.HL","Hummingbirds",0.919484036201014,"11.2013"
"236","generality.HL","Hummingbirds",2.8635474517093,"11.2013"
"237","Raw.Camera","Hummingbirds",90,"11.2013"
"238","Raw.Transect","Hummingbirds",58,"11.2013"
"239","connectance","Plants",0.158119658119658,"11.2013"
"240","web asymmetry","Plants",-0.161290322580645,"11.2013"
"241","links per species","Plants",1.19354838709677,"11.2013"
"242","number of compartments","Plants",2,"11.2013"
"243","compartment diversity","Plants",1.27025427100027,"11.2013"
"244","cluster coefficient","Plants",0.111111111111111,"11.2013"
"245","nestedness","Plants",21.4321524267005,"11.2013"
"246","weighted nestedness","Plants",0.310293867224073,"11.2013"
"247","weighted NODF","Plants",10.5627705627706,"11.2013"
"248","interaction strength asymmetry","Plants",-0.0137640391197937,"11.2013"
"249","specialisation asymmetry","Plants",0.0153909421200229,"11.2013"
"250","linkage density","Plants",2.63928266568336,"11.2013"
"251","weighted connectance","Plants",0.0851381505059148,"11.2013"
"252","Fisher alpha","Plants",NA,"11.2013"
"253","Shannon diversity","Plants",3.22711498487407,"11.2013"
"254","interaction evenness","Plants",0.591553625649857,"11.2013"
"255","Alatalo interaction evenness","Plants",0.730392359442431,"11.2013"
"256","H2","Plants",0.718937898062485,"11.2013"
"257","number.of.species.HL","Plants",18,"11.2013"
"258","mean.number.of.shared.partners.HL","Plants",0.405228758169935,"11.2013"
"259","cluster.coefficient.HL","Plants",0.222633136094675,"11.2013"
"260","weighted.cluster.coefficient.HL","Plants",0.183820224719101,"11.2013"
"261","niche.overlap.HL","Plants",0.16081589776757,"11.2013"
"262","togetherness.HL","Plants",0.0918145035792095,"11.2013"
"263","C.score.HL","Plants",0.703159041394335,"11.2013"
"264","V.ratio.HL","Plants",0.96039603960396,"11.2013"
"265","discrepancy.HL","Plants",20,"11.2013"
"266","extinction.slope.HL","Plants",1.82448045936993,"11.2013"
"267","robustness.HL","Plants",0.644448893995241,"11.2013"
"268","functional.complementarity.HL","Plants",88.3815668291354,"11.2013"
"269","partner.diversity.HL","Plants",0.765999846347986,"11.2013"
"270","generality.HL","Plants",2.41501787965742,"11.2013"
"271","Raw.Camera","Plants",90,"11.2013"
"272","Raw.Transect","Plants",58,"11.2013"
"273","connectance","Hummingbirds",0.173611111111111,"11.2014"
"274","web asymmetry","Hummingbirds",0,"11.2014"
"275","links per species","Hummingbirds",1.04166666666667,"11.2014"
"276","number of compartments","Hummingbirds",3,"11.2014"
"277","compartment diversity","Hummingbirds",1.91928138508358,"11.2014"
"278","cluster coefficient","Hummingbirds",0.166666666666667,"11.2014"
"279","nestedness","Hummingbirds",29.8604870781158,"11.2014"
"280","weighted nestedness","Hummingbirds",-0.0232507414967161,"11.2014"
"281","weighted NODF","Hummingbirds",5.42929292929293,"11.2014"
"282","interaction strength asymmetry","Hummingbirds",0.420413914962787,"11.2014"
"283","specialisation asymmetry","Hummingbirds",-0.0232355171894515,"11.2014"
"284","linkage density","Hummingbirds",2.16618653795644,"11.2014"
"285","weighted connectance","Hummingbirds",0.0902577724148515,"11.2014"
"286","Fisher alpha","Hummingbirds",NA,"11.2014"
"287","Shannon diversity","Hummingbirds",2.9490942832943,"11.2014"
"288","interaction evenness","Hummingbirds",0.593401422855442,"11.2014"
"289","Alatalo interaction evenness","Hummingbirds",0.807641353334303,"11.2014"
"290","H2","Hummingbirds",0.76220972086889,"11.2014"
"291","number.of.species.HL","Hummingbirds",12,"11.2014"
"292","mean.number.of.shared.partners.HL","Hummingbirds",0.303030303030303,"11.2014"
"293","cluster.coefficient.HL","Hummingbirds",0.196178035800677,"11.2014"
"294","weighted.cluster.coefficient.HL","Hummingbirds",0.289209421215994,"11.2014"
"295","niche.overlap.HL","Hummingbirds",0.0957452700895099,"11.2014"
"296","togetherness.HL","Hummingbirds",0.0892255892255892,"11.2014"
"297","C.score.HL","Hummingbirds",0.809553872053872,"11.2014"
"298","V.ratio.HL","Hummingbirds",0.557446808510638,"11.2014"
"299","discrepancy.HL","Hummingbirds",16,"11.2014"
"300","extinction.slope.HL","Hummingbirds",1.91496539263622,"11.2014"
"301","robustness.HL","Hummingbirds",0.653298128649395,"11.2014"
"302","functional.complementarity.HL","Hummingbirds",52.5063237789469,"11.2014"
"303","partner.diversity.HL","Hummingbirds",0.657626236290311,"11.2014"
"304","generality.HL","Hummingbirds",2.15615241042832,"11.2014"
"305","Raw.Camera","Hummingbirds",49,"11.2014"
"306","Raw.Transect","Hummingbirds",50,"11.2014"
"307","connectance","Plants",0.173611111111111,"11.2014"
"308","web asymmetry","Plants",0,"11.2014"
"309","links per species","Plants",1.04166666666667,"11.2014"
"310","number of compartments","Plants",3,"11.2014"
"311","compartment diversity","Plants",1.91928138508358,"11.2014"
"312","cluster coefficient","Plants",0.166666666666667,"11.2014"
"313","nestedness","Plants",29.8027187209986,"11.2014"
"314","weighted nestedness","Plants",-0.0110212059868147,"11.2014"
"315","weighted NODF","Plants",5.42929292929293,"11.2014"
"316","interaction strength asymmetry","Plants",0.420413914962787,"11.2014"
"317","specialisation asymmetry","Plants",-0.0232355171894515,"11.2014"
"318","linkage density","Plants",2.16618653795644,"11.2014"
"319","weighted connectance","Plants",0.0902577724148515,"11.2014"
"320","Fisher alpha","Plants",NA,"11.2014"
"321","Shannon diversity","Plants",2.9490942832943,"11.2014"
"322","interaction evenness","Plants",0.593401422855442,"11.2014"
"323","Alatalo interaction evenness","Plants",0.807641353334303,"11.2014"
"324","H2","Plants",0.76220972086889,"11.2014"
"325","number.of.species.HL","Plants",12,"11.2014"
"326","mean.number.of.shared.partners.HL","Plants",0.287878787878788,"11.2014"
"327","cluster.coefficient.HL","Plants",0.211780358006773,"11.2014"
"328","weighted.cluster.coefficient.HL","Plants",0.321100917431193,"11.2014"
"329","niche.overlap.HL","Plants",0.0896670704392246,"11.2014"
"330","togetherness.HL","Plants",0.0700757575757576,"11.2014"
"331","C.score.HL","Plants",0.823021885521885,"11.2014"
"332","V.ratio.HL","Plants",0.654008438818565,"11.2014"
"333","discrepancy.HL","Plants",15,"11.2014"
"334","extinction.slope.HL","Plants",1.88035693727896,"11.2014"
"335","robustness.HL","Plants",0.65101527056114,"11.2014"
"336","functional.complementarity.HL","Plants",50.3274860181734,"11.2014"
"337","partner.diversity.HL","Plants",0.707918429470412,"11.2014"
"338","generality.HL","Plants",2.17622066548455,"11.2014"
"339","Raw.Camera","Plants",49,"11.2014"
"340","Raw.Transect","Plants",50,"11.2014"
"341","connectance","Hummingbirds",0.13265306122449,"12.2013"
"342","web asymmetry","Hummingbirds",-0.2,"12.2013"
"343","links per species","Hummingbirds",1.11428571428571,"12.2013"
"344","number of compartments","Hummingbirds",3,"12.2013"
"345","compartment diversity","Hummingbirds",1.54434476007559,"12.2013"
"346","cluster coefficient","Hummingbirds",0.0952380952380952,"12.2013"
"347","nestedness","Hummingbirds",17.0180043929913,"12.2013"
"348","weighted nestedness","Hummingbirds",0.212840771440825,"12.2013"
"349","weighted NODF","Hummingbirds",8.11184939091916,"12.2013"
"350","interaction strength asymmetry","Hummingbirds",-0.151375392089678,"12.2013"
"351","specialisation asymmetry","Hummingbirds",0.0999019426836402,"12.2013"
"352","linkage density","Hummingbirds",2.80104693700744,"12.2013"
"353","weighted connectance","Hummingbirds",0.0800299124859268,"12.2013"
"354","Fisher alpha","Hummingbirds",NA,"12.2013"
"355","Shannon diversity","Hummingbirds",3.41206094008371,"12.2013"
"356","interaction evenness","Hummingbirds",0.600336597665348,"12.2013"
"357","Alatalo interaction evenness","Hummingbirds",0.786864315637185,"12.2013"
"358","H2","Hummingbirds",0.761426078437166,"12.2013"
"359","number.of.species.HL","Hummingbirds",14,"12.2013"
"360","mean.number.of.shared.partners.HL","Hummingbirds",0.351648351648352,"12.2013"
"361","cluster.coefficient.HL","Hummingbirds",0.192182092898572,"12.2013"
"362","weighted.cluster.coefficient.HL","Hummingbirds",0.0832017119274469,"12.2013"
"363","niche.overlap.HL","Hummingbirds",0.0962701109857727,"12.2013"
"364","togetherness.HL","Hummingbirds",0.0525902668759812,"12.2013"
"365","C.score.HL","Hummingbirds",0.786172161172161,"12.2013"
"366","V.ratio.HL","Hummingbirds",1.71783295711061,"12.2013"
"367","discrepancy.HL","Hummingbirds",25,"12.2013"
"368","extinction.slope.HL","Hummingbirds",2.07943801322962,"12.2013"
"369","robustness.HL","Hummingbirds",0.669170440933473,"12.2013"
"370","functional.complementarity.HL","Hummingbirds",60.7920412304646,"12.2013"
"371","partner.diversity.HL","Hummingbirds",1.07882502468441,"12.2013"
"372","generality.HL","Hummingbirds",3.3993026935472,"12.2013"
"373","Raw.Camera","Hummingbirds",78,"12.2013"
"374","Raw.Transect","Hummingbirds",43,"12.2013"
"375","connectance","Plants",0.13265306122449,"12.2013"
"376","web asymmetry","Plants",-0.2,"12.2013"
"377","links per species","Plants",1.11428571428571,"12.2013"
"378","number of compartments","Plants",3,"12.2013"
"379","compartment diversity","Plants",1.54434476007559,"12.2013"
"380","cluster coefficient","Plants",0.0952380952380952,"12.2013"
"381","nestedness","Plants",17.0624361241115,"12.2013"
"382","weighted nestedness","Plants",0.222252355432789,"12.2013"
"383","weighted NODF","Plants",8.11184939091916,"12.2013"
"384","interaction strength asymmetry","Plants",-0.151375392089678,"12.2013"
"385","specialisation asymmetry","Plants",0.0999019426836402,"12.2013"
"386","linkage density","Plants",2.80104693700744,"12.2013"
"387","weighted connectance","Plants",0.0800299124859268,"12.2013"
"388","Fisher alpha","Plants",NA,"12.2013"
"389","Shannon diversity","Plants",3.41206094008371,"12.2013"
"390","interaction evenness","Plants",0.600336597665348,"12.2013"
"391","Alatalo interaction evenness","Plants",0.786864315637185,"12.2013"
"392","H2","Plants",0.761426078437166,"12.2013"
"393","number.of.species.HL","Plants",21,"12.2013"
"394","mean.number.of.shared.partners.HL","Plants",0.295238095238095,"12.2013"
"395","cluster.coefficient.HL","Plants",0.18555344348589,"12.2013"
"396","weighted.cluster.coefficient.HL","Plants",0.183359013867488,"12.2013"
"397","niche.overlap.HL","Plants",0.125853057642616,"12.2013"
"398","togetherness.HL","Plants",0.0629960317460317,"12.2013"
"399","C.score.HL","Plants",0.760780423280423,"12.2013"
"400","V.ratio.HL","Plants",0.978658536585366,"12.2013"
"401","discrepancy.HL","Plants",23,"12.2013"
"402","extinction.slope.HL","Plants",1.5045835805466,"12.2013"
"403","robustness.HL","Plants",0.598437038140659,"12.2013"
"404","functional.complementarity.HL","Plants",68.347439367792,"12.2013"
"405","partner.diversity.HL","Plants",0.635291156335061,"12.2013"
"406","generality.HL","Plants",2.20279118046768,"12.2013"
"407","Raw.Camera","Plants",78,"12.2013"
"408","Raw.Transect","Plants",43,"12.2013"
"409","connectance","Hummingbirds",0.189393939393939,"12.2014"
"410","web asymmetry","Hummingbirds",-0.3125,"12.2014"
"411","links per species","Hummingbirds",2.734375,"12.2014"
"412","number of compartments","Hummingbirds",1,"12.2014"
"413","compartment diversity","Hummingbirds",NA,"12.2014"
"414","cluster coefficient","Hummingbirds",0.107142857142857,"12.2014"
"415","nestedness","Hummingbirds",15.254218811974,"12.2014"
"416","weighted nestedness","Hummingbirds",0.415346425057633,"12.2014"
"417","weighted NODF","Hummingbirds",16.2573572134012,"12.2014"
"418","interaction strength asymmetry","Hummingbirds",-2.28555561441973,"12.2014"
"419","specialisation asymmetry","Hummingbirds",0.180746249267217,"12.2014"
"420","linkage density","Hummingbirds",6.87764498225532,"12.2014"
"421","weighted connectance","Hummingbirds",0.107463202847739,"12.2014"
"422","Fisher alpha","Hummingbirds",NA,"12.2014"
"423","Shannon diversity","Hummingbirds",4.61553888832124,"12.2014"
"424","interaction evenness","Hummingbirds",0.675901815730183,"12.2014"
"425","Alatalo interaction evenness","Hummingbirds",0.725449335574013,"12.2014"
"426","H2","Hummingbirds",0.54567313793966,"12.2014"
"427","number.of.species.HL","Hummingbirds",22,"12.2014"
"428","mean.number.of.shared.partners.HL","Hummingbirds",1.73160173160173,"12.2014"
"429","cluster.coefficient.HL","Hummingbirds",0.409527432052147,"12.2014"
"430","weighted.cluster.coefficient.HL","Hummingbirds",0.666984804513057,"12.2014"
"431","niche.overlap.HL","Hummingbirds",0.100105545833562,"12.2014"
"432","togetherness.HL","Hummingbirds",0.0753403814628304,"12.2014"
"433","C.score.HL","Hummingbirds",0.566490772778204,"12.2014"
"434","V.ratio.HL","Hummingbirds",10.5060869565217,"12.2014"
"435","discrepancy.HL","Hummingbirds",70,"12.2014"
"436","extinction.slope.HL","Hummingbirds",3.91440314000683,"12.2014"
"437","robustness.HL","Hummingbirds",0.777898220353591,"12.2014"
"438","functional.complementarity.HL","Hummingbirds",105.17182473318,"12.2014"
"439","partner.diversity.HL","Hummingbirds",2.18777508962882,"12.2014"
"440","generality.HL","Hummingbirds",10.3787484015268,"12.2014"
"441","Raw.Camera","Hummingbirds",0,"12.2014"
"442","Raw.Transect","Hummingbirds",8,"12.2014"
"443","connectance","Plants",0.189393939393939,"12.2014"
"444","web asymmetry","Plants",-0.3125,"12.2014"
"445","links per species","Plants",2.734375,"12.2014"
"446","number of compartments","Plants",1,"12.2014"
"447","compartment diversity","Plants",NA,"12.2014"
"448","cluster coefficient","Plants",0.107142857142857,"12.2014"
"449","nestedness","Plants",15.2099610307744,"12.2014"
"450","weighted nestedness","Plants",0.411748905397696,"12.2014"
"451","weighted NODF","Plants",16.2573572134012,"12.2014"
"452","interaction strength asymmetry","Plants",-2.28555561441973,"12.2014"
"453","specialisation asymmetry","Plants",0.180746249267217,"12.2014"
"454","linkage density","Plants",6.87764498225532,"12.2014"
"455","weighted connectance","Plants",0.107463202847739,"12.2014"
"456","Fisher alpha","Plants",NA,"12.2014"
"457","Shannon diversity","Plants",4.61553888832124,"12.2014"
"458","interaction evenness","Plants",0.675901815730183,"12.2014"
"459","Alatalo interaction evenness","Plants",0.725449335574013,"12.2014"
"460","H2","Plants",0.54567313793966,"12.2014"
"461","number.of.species.HL","Plants",42,"12.2014"
"462","mean.number.of.shared.partners.HL","Plants",1.50406504065041,"12.2014"
"463","cluster.coefficient.HL","Plants",0.20862068582239,"12.2014"
"464","weighted.cluster.coefficient.HL","Plants",0.838233349322526,"12.2014"
"465","niche.overlap.HL","Plants",0.235580562726265,"12.2014"
"466","togetherness.HL","Plants",0.178765001935734,"12.2014"
"467","C.score.HL","Plants",0.425982536258793,"12.2014"
"468","V.ratio.HL","Plants",2.25190839694656,"12.2014"
"469","discrepancy.HL","Plants",74,"12.2014"
"470","extinction.slope.HL","Plants",3.44401235525862,"12.2014"
"471","robustness.HL","Plants",0.763634109048235,"12.2014"
"472","functional.complementarity.HL","Plants",126.771279343599,"12.2014"
"473","partner.diversity.HL","Plants",1.12390849829785,"12.2014"
"474","generality.HL","Plants",3.37654156298379,"12.2014"
"475","Raw.Camera","Plants",0,"12.2014"
"476","Raw.Transect","Plants",8,"12.2014"
"477","connectance","Hummingbirds",0.16969696969697,"2.2014"
"478","web asymmetry","Hummingbirds",-0.153846153846154,"2.2014"
"479","links per species","Hummingbirds",1.07692307692308,"2.2014"
"480","number of compartments","Hummingbirds",1,"2.2014"
"481","compartment diversity","Hummingbirds",NA,"2.2014"
"482","cluster coefficient","Hummingbirds",0.133333333333333,"2.2014"
"483","nestedness","Hummingbirds",25.4708711318295,"2.2014"
"484","weighted nestedness","Hummingbirds",0.231297233766406,"2.2014"
"485","weighted NODF","Hummingbirds",10.2604166666667,"2.2014"
"486","interaction strength asymmetry","Hummingbirds",0.594926017545065,"2.2014"
"487","specialisation asymmetry","Hummingbirds",-0.013388416330979,"2.2014"
"488","linkage density","Hummingbirds",2.04397804176153,"2.2014"
"489","weighted connectance","Hummingbirds",0.0786145400677511,"2.2014"
"490","Fisher alpha","Hummingbirds",NA,"2.2014"
"491","Shannon diversity","Hummingbirds",2.59175728048256,"2.2014"
"492","interaction evenness","Hummingbirds",0.507595957248372,"2.2014"
"493","Alatalo interaction evenness","Hummingbirds",0.512912051942258,"2.2014"
"494","H2","Hummingbirds",0.801855065995159,"2.2014"
"495","number.of.species.HL","Hummingbirds",11,"2.2014"
"496","mean.number.of.shared.partners.HL","Hummingbirds",0.345454545454545,"2.2014"
"497","cluster.coefficient.HL","Hummingbirds",0.201837928153718,"2.2014"
"498","weighted.cluster.coefficient.HL","Hummingbirds",0.0332409972299169,"2.2014"
"499","niche.overlap.HL","Hummingbirds",0.120149121815173,"2.2014"
"500","togetherness.HL","Hummingbirds",0.0701818181818182,"2.2014"
"501","C.score.HL","Hummingbirds",0.763762626262626,"2.2014"
"502","V.ratio.HL","Hummingbirds",0.851239669421488,"2.2014"
"503","discrepancy.HL","Hummingbirds",18,"2.2014"
"504","extinction.slope.HL","Hummingbirds",0.999961328221399,"2.2014"
"505","robustness.HL","Hummingbirds",0.679586875569092,"2.2014"
"506","functional.complementarity.HL","Hummingbirds",72.6914732079626,"2.2014"
"507","partner.diversity.HL","Hummingbirds",0.670440326730985,"2.2014"
"508","generality.HL","Hummingbirds",2.21998553177504,"2.2014"
"509","Raw.Camera","Hummingbirds",72,"2.2014"
"510","Raw.Transect","Hummingbirds",9,"2.2014"
"511","connectance","Plants",0.16969696969697,"2.2014"
"512","web asymmetry","Plants",-0.153846153846154,"2.2014"
"513","links per species","Plants",1.07692307692308,"2.2014"
"514","number of compartments","Plants",1,"2.2014"
"515","compartment diversity","Plants",NA,"2.2014"
"516","cluster coefficient","Plants",0.133333333333333,"2.2014"
"517","nestedness","Plants",25.6037439824854,"2.2014"
"518","weighted nestedness","Plants",0.22789271690865,"2.2014"
"519","weighted NODF","Plants",10.2604166666667,"2.2014"
"520","interaction strength asymmetry","Plants",0.594926017545065,"2.2014"
"521","specialisation asymmetry","Plants",-0.013388416330979,"2.2014"
"522","linkage density","Plants",2.04397804176153,"2.2014"
"523","weighted connectance","Plants",0.0786145400677511,"2.2014"
"524","Fisher alpha","Plants",NA,"2.2014"
"525","Shannon diversity","Plants",2.59175728048256,"2.2014"
"526","interaction evenness","Plants",0.507595957248372,"2.2014"
"527","Alatalo interaction evenness","Plants",0.512912051942258,"2.2014"
"528","H2","Plants",0.801855065995159,"2.2014"
"529","number.of.species.HL","Plants",15,"2.2014"
"530","mean.number.of.shared.partners.HL","Plants",0.295238095238095,"2.2014"
"531","cluster.coefficient.HL","Plants",0.255639097744361,"2.2014"
"532","weighted.cluster.coefficient.HL","Plants",0.0415065334358186,"2.2014"
"533","niche.overlap.HL","Plants",0.149277425471462,"2.2014"
"534","togetherness.HL","Plants",0.0806122448979592,"2.2014"
"535","C.score.HL","Plants",0.761243386243386,"2.2014"
"536","V.ratio.HL","Plants",0.624242424242424,"2.2014"
"537","discrepancy.HL","Plants",17,"2.2014"
"538","extinction.slope.HL","Plants",1.73104327584445,"2.2014"
"539","robustness.HL","Plants",0.632020781955018,"2.2014"
"540","functional.complementarity.HL","Plants",71.8629619528999,"2.2014"
"541","partner.diversity.HL","Plants",0.58706354869153,"2.2014"
"542","generality.HL","Plants",1.86797055174802,"2.2014"
"543","Raw.Camera","Plants",72,"2.2014"
"544","Raw.Transect","Plants",9,"2.2014"
"545","connectance","Hummingbirds",0.169642857142857,"3.2014"
"546","web asymmetry","Hummingbirds",-0.272727272727273,"3.2014"
"547","links per species","Hummingbirds",0.863636363636364,"3.2014"
"548","number of compartments","Hummingbirds",5,"3.2014"
"549","compartment diversity","Hummingbirds",4.44016720014607,"3.2014"
"550","cluster coefficient","Hummingbirds",0.142857142857143,"3.2014"
"551","nestedness","Hummingbirds",32.1730605073415,"3.2014"
"552","weighted nestedness","Hummingbirds",NA,"3.2014"
"553","weighted NODF","Hummingbirds",9.2436974789916,"3.2014"
"554","interaction strength asymmetry","Hummingbirds",-0.138888888888889,"3.2014"
"555","specialisation asymmetry","Hummingbirds",0.218653148173921,"3.2014"
"556","linkage density","Hummingbirds",2.14185209174096,"3.2014"
"557","weighted connectance","Hummingbirds",0.0973569132609527,"3.2014"
"558","Fisher alpha","Hummingbirds",NA,"3.2014"
"559","Shannon diversity","Hummingbirds",2.86028305703056,"3.2014"
"560","interaction evenness","Hummingbirds",0.606184961584083,"3.2014"
"561","Alatalo interaction evenness","Hummingbirds",0.89069888380574,"3.2014"
"562","H2","Hummingbirds",0.836727590944813,"3.2014"
"563","number.of.species.HL","Hummingbirds",8,"3.2014"
"564","mean.number.of.shared.partners.HL","Hummingbirds",0.214285714285714,"3.2014"
"565","cluster.coefficient.HL","Hummingbirds",0.196048632218845,"3.2014"
"566","weighted.cluster.coefficient.HL","Hummingbirds",0,"3.2014"
"567","niche.overlap.HL","Hummingbirds",0.0869897959183673,"3.2014"
"568","togetherness.HL","Hummingbirds",0.0627705627705628,"3.2014"
"569","C.score.HL","Hummingbirds",0.883333333333333,"3.2014"
"570","V.ratio.HL","Hummingbirds",0.785123966942149,"3.2014"
"571","discrepancy.HL","Hummingbirds",13,"3.2014"
"572","extinction.slope.HL","Hummingbirds",2.15652532136568,"3.2014"
"573","robustness.HL","Hummingbirds",0.675780340713353,"3.2014"
"574","functional.complementarity.HL","Hummingbirds",20.0767854600128,"3.2014"
"575","partner.diversity.HL","Hummingbirds",0.884106823466605,"3.2014"
"576","generality.HL","Hummingbirds",2.73619823493783,"3.2014"
"577","Raw.Camera","Hummingbirds",16,"3.2014"
"578","Raw.Transect","Hummingbirds",10,"3.2014"
"579","connectance","Plants",0.169642857142857,"3.2014"
"580","web asymmetry","Plants",-0.272727272727273,"3.2014"
"581","links per species","Plants",0.863636363636364,"3.2014"
"582","number of compartments","Plants",5,"3.2014"
"583","compartment diversity","Plants",4.44016720014607,"3.2014"
"584","cluster coefficient","Plants",0.142857142857143,"3.2014"
"585","nestedness","Plants",31.9782437795214,"3.2014"
"586","weighted nestedness","Plants",NA,"3.2014"
"587","weighted NODF","Plants",9.2436974789916,"3.2014"
"588","interaction strength asymmetry","Plants",-0.138888888888889,"3.2014"
"589","specialisation asymmetry","Plants",0.218653148173921,"3.2014"
"590","linkage density","Plants",2.14185209174096,"3.2014"
"591","weighted connectance","Plants",0.0973569132609527,"3.2014"
"592","Fisher alpha","Plants",NA,"3.2014"
"593","Shannon diversity","Plants",2.86028305703056,"3.2014"
"594","interaction evenness","Plants",0.606184961584083,"3.2014"
"595","Alatalo interaction evenness","Plants",0.89069888380574,"3.2014"
"596","H2","Plants",0.836727590944813,"3.2014"
"597","number.of.species.HL","Plants",14,"3.2014"
"598","mean.number.of.shared.partners.HL","Plants",0.208791208791209,"3.2014"
"599","cluster.coefficient.HL","Plants",0.196808510638298,"3.2014"
"600","weighted.cluster.coefficient.HL","Plants",0,"3.2014"
"601","niche.overlap.HL","Plants",0.14029304029304,"3.2014"
"602","togetherness.HL","Plants",0.0827838827838828,"3.2014"
"603","C.score.HL","Plants",0.824175824175824,"3.2014"
"604","V.ratio.HL","Plants",0.349282296650718,"3.2014"
"605","discrepancy.HL","Plants",13,"3.2014"
"606","extinction.slope.HL","Plants",1.26150776957692,"3.2014"
"607","robustness.HL","Plants",0.558508650314778,"3.2014"
"608","functional.complementarity.HL","Plants",16.5391235076598,"3.2014"
"609","partner.diversity.HL","Plants",0.347334857374149,"3.2014"
"610","generality.HL","Plants",1.54750594854409,"3.2014"
"611","Raw.Camera","Plants",16,"3.2014"
"612","Raw.Transect","Plants",10,"3.2014"
"613","connectance","Hummingbirds",0.152777777777778,"4.2014"
"614","web asymmetry","Hummingbirds",0,"4.2014"
"615","links per species","Hummingbirds",0.916666666666667,"4.2014"
"616","number of compartments","Hummingbirds",3,"4.2014"
"617","compartment diversity","Hummingbirds",1.91928138508358,"4.2014"
"618","cluster coefficient","Hummingbirds",0.0833333333333333,"4.2014"
"619","nestedness","Hummingbirds",19.226870925777,"4.2014"
"620","weighted nestedness","Hummingbirds",NA,"4.2014"
"621","weighted NODF","Hummingbirds",7.32323232323232,"4.2014"
"622","interaction strength asymmetry","Hummingbirds",0.306697080065603,"4.2014"
"623","specialisation asymmetry","Hummingbirds",0.127789219180737,"4.2014"
"624","linkage density","Hummingbirds",2.01551478332649,"4.2014"
"625","weighted connectance","Hummingbirds",0.0839797826386038,"4.2014"
"626","Fisher alpha","Hummingbirds",NA,"4.2014"
"627","Shannon diversity","Hummingbirds",2.48012927573098,"4.2014"
"628","interaction evenness","Hummingbirds",0.499038721624124,"4.2014"
"629","Alatalo interaction evenness","Hummingbirds",0.617829528495211,"4.2014"
"630","H2","Hummingbirds",0.815446200777777,"4.2014"
"631","number.of.species.HL","Hummingbirds",12,"4.2014"
"632","mean.number.of.shared.partners.HL","Hummingbirds",0.227272727272727,"4.2014"
"633","cluster.coefficient.HL","Hummingbirds",0.262135922330097,"4.2014"
"634","weighted.cluster.coefficient.HL","Hummingbirds",0,"4.2014"
"635","niche.overlap.HL","Hummingbirds",0.097375406939799,"4.2014"
"636","togetherness.HL","Hummingbirds",0.0610795454545455,"4.2014"
"637","C.score.HL","Hummingbirds",0.811868686868687,"4.2014"
"638","V.ratio.HL","Hummingbirds",0.886792452830189,"4.2014"
"639","discrepancy.HL","Hummingbirds",13,"4.2014"
"640","extinction.slope.HL","Hummingbirds",1.52650828848266,"4.2014"
"641","robustness.HL","Hummingbirds",0.602394838872056,"4.2014"
"642","functional.complementarity.HL","Hummingbirds",53.5170910904957,"4.2014"
"643","partner.diversity.HL","Hummingbirds",0.763856729209447,"4.2014"
"644","generality.HL","Hummingbirds",2.32530970340298,"4.2014"
"645","Raw.Camera","Hummingbirds",56,"4.2014"
"646","Raw.Transect","Hummingbirds",18,"4.2014"
"647","connectance","Plants",0.152777777777778,"4.2014"
"648","web asymmetry","Plants",0,"4.2014"
"649","links per species","Plants",0.916666666666667,"4.2014"
"650","number of compartments","Plants",3,"4.2014"
"651","compartment diversity","Plants",1.91928138508358,"4.2014"
"652","cluster coefficient","Plants",0.0833333333333333,"4.2014"
"653","nestedness","Plants",18.9203434718783,"4.2014"
"654","weighted nestedness","Plants",NA,"4.2014"
"655","weighted NODF","Plants",7.32323232323232,"4.2014"
"656","interaction strength asymmetry","Plants",0.306697080065603,"4.2014"
"657","specialisation asymmetry","Plants",0.127789219180737,"4.2014"
"658","linkage density","Plants",2.01551478332649,"4.2014"
"659","weighted connectance","Plants",0.0839797826386038,"4.2014"
"660","Fisher alpha","Plants",NA,"4.2014"
"661","Shannon diversity","Plants",2.48012927573098,"4.2014"
"662","interaction evenness","Plants",0.499038721624124,"4.2014"
"663","Alatalo interaction evenness","Plants",0.617829528495211,"4.2014"
"664","H2","Plants",0.815446200777777,"4.2014"
"665","number.of.species.HL","Plants",12,"4.2014"
"666","mean.number.of.shared.partners.HL","Plants",0.257575757575758,"4.2014"
"667","cluster.coefficient.HL","Plants",0.216828478964401,"4.2014"
"668","weighted.cluster.coefficient.HL","Plants",0,"4.2014"
"669","niche.overlap.HL","Plants",0.150004714917946,"4.2014"
"670","togetherness.HL","Plants",0.0714962121212121,"4.2014"
"671","C.score.HL","Plants",0.788299663299663,"4.2014"
"672","V.ratio.HL","Plants",0.673076923076923,"4.2014"
"673","discrepancy.HL","Plants",13,"4.2014"
"674","extinction.slope.HL","Plants",1.68612131819932,"4.2014"
"675","robustness.HL","Plants",0.623223081500655,"4.2014"
"676","functional.complementarity.HL","Plants",48.5323608608037,"4.2014"
"677","partner.diversity.HL","Plants",0.463596216310236,"4.2014"
"678","generality.HL","Plants",1.70571986325001,"4.2014"
"679","Raw.Camera","Plants",56,"4.2014"
"680","Raw.Transect","Plants",18,"4.2014"
"681","connectance","Hummingbirds",0.17037037037037,"5.2014"
"682","web asymmetry","Hummingbirds",-0.25,"5.2014"
"683","links per species","Hummingbirds",0.958333333333333,"5.2014"
"684","number of compartments","Hummingbirds",2,"5.2014"
"685","compartment diversity","Hummingbirds",1.45756926498109,"5.2014"
"686","cluster coefficient","Hummingbirds",0.0666666666666667,"5.2014"
"687","nestedness","Hummingbirds",21.3411248922875,"5.2014"
"688","weighted nestedness","Hummingbirds",0.410394881886684,"5.2014"
"689","weighted NODF","Hummingbirds",6.20567375886525,"5.2014"
"690","interaction strength asymmetry","Hummingbirds",0.0536439255189255,"5.2014"
"691","specialisation asymmetry","Hummingbirds",0.0838857369835901,"5.2014"
"692","linkage density","Hummingbirds",2.02330224284559,"5.2014"
"693","weighted connectance","Hummingbirds",0.0843042601185661,"5.2014"
"694","Fisher alpha","Hummingbirds",NA,"5.2014"
"695","Shannon diversity","Hummingbirds",2.46303533736913,"5.2014"
"696","interaction evenness","Hummingbirds",0.502119748356529,"5.2014"
"697","Alatalo interaction evenness","Hummingbirds",0.497993807651666,"5.2014"
"698","H2","Hummingbirds",0.925768750401758,"5.2014"
"699","number.of.species.HL","Hummingbirds",9,"5.2014"
"700","mean.number.of.shared.partners.HL","Hummingbirds",0.305555555555556,"5.2014"
"701","cluster.coefficient.HL","Hummingbirds",0.202097902097902,"5.2014"
"702","weighted.cluster.coefficient.HL","Hummingbirds",0,"5.2014"
"703","niche.overlap.HL","Hummingbirds",0.129109082904372,"5.2014"
"704","togetherness.HL","Hummingbirds",0.065,"5.2014"
"705","C.score.HL","Hummingbirds",0.762847222222222,"5.2014"
"706","V.ratio.HL","Hummingbirds",1.5679012345679,"5.2014"
"707","discrepancy.HL","Hummingbirds",16,"5.2014"
"708","extinction.slope.HL","Hummingbirds",1.81966757103606,"5.2014"
"709","robustness.HL","Hummingbirds",0.642154157363948,"5.2014"
"710","functional.complementarity.HL","Hummingbirds",52.8801077006768,"5.2014"
"711","partner.diversity.HL","Hummingbirds",0.754338798581822,"5.2014"
"712","generality.HL","Hummingbirds",2.65505512443261,"5.2014"
"713","Raw.Camera","Hummingbirds",47,"5.2014"
"714","Raw.Transect","Hummingbirds",19,"5.2014"
"715","connectance","Plants",0.17037037037037,"5.2014"
"716","web asymmetry","Plants",-0.25,"5.2014"
"717","links per species","Plants",0.958333333333333,"5.2014"
"718","number of compartments","Plants",2,"5.2014"
"719","compartment diversity","Plants",1.45756926498109,"5.2014"
"720","cluster coefficient","Plants",0.0666666666666667,"5.2014"
"721","nestedness","Plants",21.1782843934724,"5.2014"
"722","weighted nestedness","Plants",0.411075622190586,"5.2014"
"723","weighted NODF","Plants",6.20567375886525,"5.2014"
"724","interaction strength asymmetry","Plants",0.0536439255189255,"5.2014"
"725","specialisation asymmetry","Plants",0.0838857369835901,"5.2014"
"726","linkage density","Plants",2.02330224284559,"5.2014"
"727","weighted connectance","Plants",0.0843042601185661,"5.2014"
"728","Fisher alpha","Plants",NA,"5.2014"
"729","Shannon diversity","Plants",2.46303533736913,"5.2014"
"730","interaction evenness","Plants",0.502119748356529,"5.2014"
"731","Alatalo interaction evenness","Plants",0.497993807651666,"5.2014"
"732","H2","Plants",0.925768750401758,"5.2014"
"733","number.of.species.HL","Plants",15,"5.2014"
"734","mean.number.of.shared.partners.HL","Plants",0.304761904761905,"5.2014"
"735","cluster.coefficient.HL","Plants",0.2004662004662,"5.2014"
"736","weighted.cluster.coefficient.HL","Plants",0,"5.2014"
"737","niche.overlap.HL","Plants",0.191300514013804,"5.2014"
"738","togetherness.HL","Plants",0.104285714285714,"5.2014"
"739","C.score.HL","Plants",0.71547619047619,"5.2014"
"740","V.ratio.HL","Plants",0.565891472868217,"5.2014"
"741","discrepancy.HL","Plants",12,"5.2014"
"742","extinction.slope.HL","Plants",1.34669663912492,"5.2014"
"743","robustness.HL","Plants",0.576558615001543,"5.2014"
"744","functional.complementarity.HL","Plants",52.3658435240649,"5.2014"
"745","partner.diversity.HL","Plants",0.291765981895874,"5.2014"
"746","generality.HL","Plants",1.39154936125856,"5.2014"
"747","Raw.Camera","Plants",47,"5.2014"
"748","Raw.Transect","Plants",19,"5.2014"
"749","connectance","Hummingbirds",0.186666666666667,"6.2013"
"750","web asymmetry","Hummingbirds",0,"6.2013"
"751","links per species","Hummingbirds",1.4,"6.2013"
"752","number of compartments","Hummingbirds",2,"6.2013"
"753","compartment diversity","Hummingbirds",1.27753191707406,"6.2013"
"754","cluster coefficient","Hummingbirds",0.133333333333333,"6.2013"
"755","nestedness","Hummingbirds",12.0593833713584,"6.2013"
"756","weighted nestedness","Hummingbirds",0.382219738002971,"6.2013"
"757","weighted NODF","Hummingbirds",14.2063492063492,"6.2013"
"758","interaction strength asymmetry","Hummingbirds",0.171568692943635,"6.2013"
"759","specialisation asymmetry","Hummingbirds",0.0275328121687273,"6.2013"
"760","linkage density","Hummingbirds",2.71614218795648,"6.2013"
"761","weighted connectance","Hummingbirds",0.0905380729318826,"6.2013"
"762","Fisher alpha","Hummingbirds",NA,"6.2013"
"763","Shannon diversity","Hummingbirds",3.17335494317738,"6.2013"
"764","interaction evenness","Hummingbirds",0.585911395196031,"6.2013"
"765","Alatalo interaction evenness","Hummingbirds",0.649656127014123,"6.2013"
"766","H2","Hummingbirds",0.718589936363717,"6.2013"
"767","number.of.species.HL","Hummingbirds",15,"6.2013"
"768","mean.number.of.shared.partners.HL","Hummingbirds",0.857142857142857,"6.2013"
"769","cluster.coefficient.HL","Hummingbirds",0.301362190173179,"6.2013"
"770","weighted.cluster.coefficient.HL","Hummingbirds",0.275842009963727,"6.2013"
"771","niche.overlap.HL","Hummingbirds",0.130313121440937,"6.2013"
"772","togetherness.HL","Hummingbirds",0.149029982363316,"6.2013"
"773","C.score.HL","Hummingbirds",0.480291005291005,"6.2013"
"774","V.ratio.HL","Hummingbirds",2.36764705882353,"6.2013"
"775","discrepancy.HL","Hummingbirds",18,"6.2013"
"776","extinction.slope.HL","Hummingbirds",0.999961328221399,"6.2013"
"777","robustness.HL","Hummingbirds",0.662555511516071,"6.2013"
"778","functional.complementarity.HL","Hummingbirds",56.0593051448114,"6.2013"
"779","partner.diversity.HL","Hummingbirds",0.88457481863549,"6.2013"
"780","generality.HL","Hummingbirds",2.8136164010599,"6.2013"
"781","Raw.Camera","Hummingbirds",97,"6.2013"
"782","Raw.Transect","Hummingbirds",41,"6.2013"
"783","connectance","Plants",0.186666666666667,"6.2013"
"784","web asymmetry","Plants",0,"6.2013"
"785","links per species","Plants",1.4,"6.2013"
"786","number of compartments","Plants",2,"6.2013"
"787","compartment diversity","Plants",1.27753191707406,"6.2013"
"788","cluster coefficient","Plants",0.133333333333333,"6.2013"
"789","nestedness","Plants",12.0593833713584,"6.2013"
"790","weighted nestedness","Plants",0.391471358141748,"6.2013"
"791","weighted NODF","Plants",14.2063492063492,"6.2013"
"792","interaction strength asymmetry","Plants",0.171568692943635,"6.2013"
"793","specialisation asymmetry","Plants",0.0275328121687273,"6.2013"
"794","linkage density","Plants",2.71614218795648,"6.2013"
"795","weighted connectance","Plants",0.0905380729318826,"6.2013"
"796","Fisher alpha","Plants",NA,"6.2013"
"797","Shannon diversity","Plants",3.17335494317738,"6.2013"
"798","interaction evenness","Plants",0.585911395196031,"6.2013"
"799","Alatalo interaction evenness","Plants",0.649656127014123,"6.2013"
"800","H2","Plants",0.718589936363717,"6.2013"
"801","number.of.species.HL","Plants",15,"6.2013"
"802","mean.number.of.shared.partners.HL","Plants",0.666666666666667,"6.2013"
"803","cluster.coefficient.HL","Plants",0.22580223157868,"6.2013"
"804","weighted.cluster.coefficient.HL","Plants",0.370742694951626,"6.2013"
"805","niche.overlap.HL","Plants",0.168104186083755,"6.2013"
"806","togetherness.HL","Plants",0.107619047619048,"6.2013"
"807","C.score.HL","Plants",0.55781179138322,"6.2013"
"808","V.ratio.HL","Plants",3.49553571428571,"6.2013"
"809","discrepancy.HL","Plants",18,"6.2013"
"810","extinction.slope.HL","Plants",1.85782828614399,"6.2013"
"811","robustness.HL","Plants",0.647767235848569,"6.2013"
"812","functional.complementarity.HL","Plants",56.1235796283562,"6.2013"
"813","partner.diversity.HL","Plants",0.72901150585627,"6.2013"
"814","generality.HL","Plants",2.61866797485306,"6.2013"
"815","Raw.Camera","Plants",97,"6.2013"
"816","Raw.Transect","Plants",41,"6.2013"
"817","connectance","Hummingbirds",0.175,"6.2014"
"818","web asymmetry","Hummingbirds",-0.111111111111111,"6.2014"
"819","links per species","Hummingbirds",0.777777777777778,"6.2014"
"820","number of compartments","Hummingbirds",4,"6.2014"
"821","compartment diversity","Hummingbirds",3.15522464708129,"6.2014"
"822","cluster coefficient","Hummingbirds",0.1,"6.2014"
"823","nestedness","Hummingbirds",26.2127456452856,"6.2014"
"824","weighted nestedness","Hummingbirds",NA,"6.2014"
"825","weighted NODF","Hummingbirds",6.84931506849315,"6.2014"
"826","interaction strength asymmetry","Hummingbirds",0.168859649122807,"6.2014"
"827","specialisation asymmetry","Hummingbirds",0.166962440469949,"6.2014"
"828","linkage density","Hummingbirds",1.92372051370142,"6.2014"
"829","weighted connectance","Hummingbirds",0.106873361872301,"6.2014"
"830","Fisher alpha","Hummingbirds",NA,"6.2014"
"831","Shannon diversity","Hummingbirds",2.43822981972677,"6.2014"
"832","interaction evenness","Hummingbirds",0.556416020029103,"6.2014"
"833","Alatalo interaction evenness","Hummingbirds",0.824187319490069,"6.2014"
"834","H2","Hummingbirds",0.857378766857773,"6.2014"
"835","number.of.species.HL","Hummingbirds",8,"6.2014"
"836","mean.number.of.shared.partners.HL","Hummingbirds",0.214285714285714,"6.2014"
"837","cluster.coefficient.HL","Hummingbirds",0.2625,"6.2014"
"838","weighted.cluster.coefficient.HL","Hummingbirds",0,"6.2014"
"839","niche.overlap.HL","Hummingbirds",0.0825988611407004,"6.2014"
"840","togetherness.HL","Hummingbirds",0.0714285714285714,"6.2014"
"841","C.score.HL","Hummingbirds",0.801587301587302,"6.2014"
"842","V.ratio.HL","Hummingbirds",0.697674418604651,"6.2014"
"843","discrepancy.HL","Hummingbirds",10,"6.2014"
"844","extinction.slope.HL","Hummingbirds",1.5514739933231,"6.2014"
"845","robustness.HL","Hummingbirds",0.604502400497501,"6.2014"
"846","functional.complementarity.HL","Hummingbirds",20.6852671724211,"6.2014"
"847","partner.diversity.HL","Hummingbirds",0.787444313962127,"6.2014"
"848","generality.HL","Hummingbirds",2.32955734710782,"6.2014"
"849","Raw.Camera","Hummingbirds",16,"6.2014"
"850","Raw.Transect","Hummingbirds",14,"6.2014"
"851","connectance","Plants",0.175,"6.2014"
"852","web asymmetry","Plants",-0.111111111111111,"6.2014"
"853","links per species","Plants",0.777777777777778,"6.2014"
"854","number of compartments","Plants",4,"6.2014"
"855","compartment diversity","Plants",3.15522464708129,"6.2014"
"856","cluster coefficient","Plants",0.1,"6.2014"
"857","nestedness","Plants",26.2127456452856,"6.2014"
"858","weighted nestedness","Plants",NA,"6.2014"
"859","weighted NODF","Plants",6.84931506849315,"6.2014"
"860","interaction strength asymmetry","Plants",0.168859649122807,"6.2014"
"861","specialisation asymmetry","Plants",0.166962440469949,"6.2014"
"862","linkage density","Plants",1.92372051370142,"6.2014"
"863","weighted connectance","Plants",0.106873361872301,"6.2014"
"864","Fisher alpha","Plants",NA,"6.2014"
"865","Shannon diversity","Plants",2.43822981972677,"6.2014"
"866","interaction evenness","Plants",0.556416020029103,"6.2014"
"867","Alatalo interaction evenness","Plants",0.824187319490069,"6.2014"
"868","H2","Plants",0.857378766857773,"6.2014"
"869","number.of.species.HL","Plants",10,"6.2014"
"870","mean.number.of.shared.partners.HL","Plants",0.2,"6.2014"
"871","cluster.coefficient.HL","Plants",0.19921875,"6.2014"
"872","weighted.cluster.coefficient.HL","Plants",0,"6.2014"
"873","niche.overlap.HL","Plants",0.154792368125701,"6.2014"
"874","togetherness.HL","Plants",0.0755555555555556,"6.2014"
"875","C.score.HL","Plants",0.809876543209877,"6.2014"
"876","V.ratio.HL","Plants",0.592592592592593,"6.2014"
"877","discrepancy.HL","Plants",8,"6.2014"
"878","extinction.slope.HL","Plants",1.31822006292827,"6.2014"
"879","robustness.HL","Plants",0.569388460513479,"6.2014"
"880","functional.complementarity.HL","Plants",22.2507411557359,"6.2014"
"881","partner.diversity.HL","Plants",0.299477320122918,"6.2014"
"882","generality.HL","Plants",1.51788368029503,"6.2014"
"883","Raw.Camera","Plants",16,"6.2014"
"884","Raw.Transect","Plants",14,"6.2014"
"885","connectance","Hummingbirds",0.154166666666667,"7.2013"
"886","web asymmetry","Hummingbirds",-0.0909090909090909,"7.2013"
"887","links per species","Hummingbirds",1.68181818181818,"7.2013"
"888","number of compartments","Hummingbirds",1,"7.2013"
"889","compartment diversity","Hummingbirds",NA,"7.2013"
"890","cluster coefficient","Hummingbirds",0.104166666666667,"7.2013"
"891","nestedness","Hummingbirds",12.2316359577996,"7.2013"
"892","weighted nestedness","Hummingbirds",0.58488708994913,"7.2013"
"893","weighted NODF","Hummingbirds",23.9114551399959,"7.2013"
"894","interaction strength asymmetry","Hummingbirds",0.0602447928610033,"7.2013"
"895","specialisation asymmetry","Hummingbirds",0.118009427987793,"7.2013"
"896","linkage density","Hummingbirds",4.02824197238388,"7.2013"
"897","weighted connectance","Hummingbirds",0.0915509539178154,"7.2013"
"898","Fisher alpha","Hummingbirds",NA,"7.2013"
"899","Shannon diversity","Hummingbirds",3.76635447482619,"7.2013"
"900","interaction evenness","Hummingbirds",0.610055873566107,"7.2013"
"901","Alatalo interaction evenness","Hummingbirds",0.708281345197328,"7.2013"
"902","H2","Hummingbirds",0.592638938255298,"7.2013"
"903","number.of.species.HL","Hummingbirds",20,"7.2013"
"904","mean.number.of.shared.partners.HL","Hummingbirds",0.963157894736842,"7.2013"
"905","cluster.coefficient.HL","Hummingbirds",0.301893847522031,"7.2013"
"906","weighted.cluster.coefficient.HL","Hummingbirds",0.380991075197491,"7.2013"
"907","niche.overlap.HL","Hummingbirds",0.237910949146364,"7.2013"
"908","togetherness.HL","Hummingbirds",0.108943687891056,"7.2013"
"909","C.score.HL","Hummingbirds",0.420543394471026,"7.2013"
"910","V.ratio.HL","Hummingbirds",3.38846153846154,"7.2013"
"911","discrepancy.HL","Hummingbirds",36,"7.2013"
"912","extinction.slope.HL","Hummingbirds",2.78429337078043,"7.2013"
"913","robustness.HL","Hummingbirds",0.725945800131778,"7.2013"
"914","functional.complementarity.HL","Hummingbirds",106.488094223203,"7.2013"
"915","partner.diversity.HL","Hummingbirds",1.52576382942636,"7.2013"
"916","generality.HL","Hummingbirds",5.02308308395163,"7.2013"
"917","Raw.Camera","Hummingbirds",259,"7.2013"
"918","Raw.Transect","Hummingbirds",54,"7.2013"
"919","connectance","Plants",0.154166666666667,"7.2013"
"920","web asymmetry","Plants",-0.0909090909090909,"7.2013"
"921","links per species","Plants",1.68181818181818,"7.2013"
"922","number of compartments","Plants",1,"7.2013"
"923","compartment diversity","Plants",NA,"7.2013"
"924","cluster coefficient","Plants",0.104166666666667,"7.2013"
"925","nestedness","Plants",12.2929312483378,"7.2013"
"926","weighted nestedness","Plants",0.58717672340699,"7.2013"
"927","weighted NODF","Plants",23.9114551399959,"7.2013"
"928","interaction strength asymmetry","Plants",0.0602447928610033,"7.2013"
"929","specialisation asymmetry","Plants",0.118009427987793,"7.2013"
"930","linkage density","Plants",4.02824197238388,"7.2013"
"931","weighted connectance","Plants",0.0915509539178154,"7.2013"
"932","Fisher alpha","Plants",NA,"7.2013"
"933","Shannon diversity","Plants",3.76635447482619,"7.2013"
"934","interaction evenness","Plants",0.610055873566107,"7.2013"
"935","Alatalo interaction evenness","Plants",0.708281345197328,"7.2013"
"936","H2","Plants",0.592638938255298,"7.2013"
"937","number.of.species.HL","Plants",24,"7.2013"
"938","mean.number.of.shared.partners.HL","Plants",0.681159420289855,"7.2013"
"939","cluster.coefficient.HL","Plants",0.223053601746301,"7.2013"
"940","weighted.cluster.coefficient.HL","Plants",0.495145074257673,"7.2013"
"941","niche.overlap.HL","Plants",0.181914869384401,"7.2013"
"942","togetherness.HL","Plants",0.0924908424908425,"7.2013"
"943","C.score.HL","Plants",0.614846191449452,"7.2013"
"944","V.ratio.HL","Plants",3.8340874811463,"7.2013"
"945","discrepancy.HL","Plants",33,"7.2013"
"946","extinction.slope.HL","Plants",0.999919513807448,"7.2013"
"947","robustness.HL","Plants",0.678607401063189,"7.2013"
"948","functional.complementarity.HL","Plants",122.668635169718,"7.2013"
"949","partner.diversity.HL","Plants",0.959611219701884,"7.2013"
"950","generality.HL","Plants",3.03340086081612,"7.2013"
"951","Raw.Camera","Plants",259,"7.2013"
"952","Raw.Transect","Plants",54,"7.2013"
"953","connectance","Hummingbirds",0.166666666666667,"7.2014"
"954","web asymmetry","Hummingbirds",-0.0434782608695652,"7.2014"
"955","links per species","Hummingbirds",0.956521739130435,"7.2014"
"956","number of compartments","Hummingbirds",2,"7.2014"
"957","compartment diversity","Hummingbirds",1.34371637842269,"7.2014"
"958","cluster coefficient","Hummingbirds",0.0833333333333333,"7.2014"
"959","nestedness","Hummingbirds",16.8177672155129,"7.2014"
"960","weighted nestedness","Hummingbirds",0.321957969681255,"7.2014"
"961","weighted NODF","Hummingbirds",8.67768595041322,"7.2014"
"962","interaction strength asymmetry","Hummingbirds",0.213963210702341,"7.2014"
"963","specialisation asymmetry","Hummingbirds",0.0440558725739319,"7.2014"
"964","linkage density","Hummingbirds",2.05718692878408,"7.2014"
"965","weighted connectance","Hummingbirds",0.089442909947134,"7.2014"
"966","Fisher alpha","Hummingbirds",NA,"7.2014"
"967","Shannon diversity","Hummingbirds",2.64336916361767,"7.2014"
"968","interaction evenness","Hummingbirds",0.541363177439215,"7.2014"
"969","Alatalo interaction evenness","Hummingbirds",0.620142464349587,"7.2014"
"970","H2","Hummingbirds",0.826539270569123,"7.2014"
"971","number.of.species.HL","Hummingbirds",11,"7.2014"
"972","mean.number.of.shared.partners.HL","Hummingbirds",0.472727272727273,"7.2014"
"973","cluster.coefficient.HL","Hummingbirds",0.215121722846442,"7.2014"
"974","weighted.cluster.coefficient.HL","Hummingbirds",0,"7.2014"
"975","niche.overlap.HL","Hummingbirds",0.232968878882461,"7.2014"
"976","togetherness.HL","Hummingbirds",0.131818181818182,"7.2014"
"977","C.score.HL","Hummingbirds",0.580681818181818,"7.2014"
"978","V.ratio.HL","Hummingbirds",1.04761904761905,"7.2014"
"979","discrepancy.HL","Hummingbirds",13,"7.2014"
"980","extinction.slope.HL","Hummingbirds",1.6712775312704,"7.2014"
"981","robustness.HL","Hummingbirds",0.621727844555485,"7.2014"
"982","functional.complementarity.HL","Hummingbirds",31.1880305655767,"7.2014"
"983","partner.diversity.HL","Hummingbirds",0.628152353113323,"7.2014"
"984","generality.HL","Hummingbirds",2.14185915904279,"7.2014"
"985","Raw.Camera","Hummingbirds",19,"7.2014"
"986","Raw.Transect","Hummingbirds",34,"7.2014"
"987","connectance","Plants",0.166666666666667,"7.2014"
"988","web asymmetry","Plants",-0.0434782608695652,"7.2014"
"989","links per species","Plants",0.956521739130435,"7.2014"
"990","number of compartments","Plants",2,"7.2014"
"991","compartment diversity","Plants",1.34371637842269,"7.2014"
"992","cluster coefficient","Plants",0.0833333333333333,"7.2014"
"993","nestedness","Plants",16.8177672155129,"7.2014"
"994","weighted nestedness","Plants",0.322037280103308,"7.2014"
"995","weighted NODF","Plants",8.67768595041322,"7.2014"
"996","interaction strength asymmetry","Plants",0.213963210702341,"7.2014"
"997","specialisation asymmetry","Plants",0.0440558725739319,"7.2014"
"998","linkage density","Plants",2.05718692878408,"7.2014"
"999","weighted connectance","Plants",0.089442909947134,"7.2014"
"1000","Fisher alpha","Plants",NA,"7.2014"
"1001","Shannon diversity","Plants",2.64336916361767,"7.2014"
"1002","interaction evenness","Plants",0.541363177439215,"7.2014"
"1003","Alatalo interaction evenness","Plants",0.620142464349587,"7.2014"
"1004","H2","Plants",0.826539270569123,"7.2014"
"1005","number.of.species.HL","Plants",12,"7.2014"
"1006","mean.number.of.shared.partners.HL","Plants",0.287878787878788,"7.2014"
"1007","cluster.coefficient.HL","Plants",0.263534218590398,"7.2014"
"1008","weighted.cluster.coefficient.HL","Plants",0,"7.2014"
"1009","niche.overlap.HL","Plants",0.123783597958161,"7.2014"
"1010","togetherness.HL","Plants",0.0735930735930736,"7.2014"
"1011","C.score.HL","Plants",0.747474747474748,"7.2014"
"1012","V.ratio.HL","Plants",1.98039215686275,"7.2014"
"1013","discrepancy.HL","Plants",10,"7.2014"
"1014","extinction.slope.HL","Plants",0.999052781431873,"7.2014"
"1015","robustness.HL","Plants",0.58818773177994,"7.2014"
"1016","functional.complementarity.HL","Plants",30.4601786153665,"7.2014"
"1017","partner.diversity.HL","Plants",0.480229086442298,"7.2014"
"1018","generality.HL","Plants",1.97251469852537,"7.2014"
"1019","Raw.Camera","Plants",19,"7.2014"
"1020","Raw.Transect","Plants",34,"7.2014"
"1021","connectance","Hummingbirds",0.150735294117647,"8.2013"
"1022","web asymmetry","Hummingbirds",-0.0303030303030303,"8.2013"
"1023","links per species","Hummingbirds",1.24242424242424,"8.2013"
"1024","number of compartments","Hummingbirds",1,"8.2013"
"1025","compartment diversity","Hummingbirds",NA,"8.2013"
"1026","cluster coefficient","Hummingbirds",0.117647058823529,"8.2013"
"1027","nestedness","Hummingbirds",18.5936613969128,"8.2013"
"1028","weighted nestedness","Hummingbirds",0.354529442851278,"8.2013"
"1029","weighted NODF","Hummingbirds",12.3828125,"8.2013"
"1030","interaction strength asymmetry","Hummingbirds",-0.0310545910845151,"8.2013"
"1031","specialisation asymmetry","Hummingbirds",-0.0378246636775108,"8.2013"
"1032","linkage density","Hummingbirds",2.83747274825404,"8.2013"
"1033","weighted connectance","Hummingbirds",0.0859840226743649,"8.2013"
"1034","Fisher alpha","Hummingbirds",NA,"8.2013"
"1035","Shannon diversity","Hummingbirds",3.2787229760182,"8.2013"
"1036","interaction evenness","Hummingbirds",0.584880261065763,"8.2013"
"1037","Alatalo interaction evenness","Hummingbirds",0.724685281905119,"8.2013"
"1038","H2","Hummingbirds",0.687927326472286,"8.2013"
"1039","number.of.species.HL","Hummingbirds",16,"8.2013"
"1040","mean.number.of.shared.partners.HL","Hummingbirds",0.408333333333333,"8.2013"
"1041","cluster.coefficient.HL","Hummingbirds",0.185781130634072,"8.2013"
"1042","weighted.cluster.coefficient.HL","Hummingbirds",0.0691516709511568,"8.2013"
"1043","niche.overlap.HL","Hummingbirds",0.155032649261163,"8.2013"
"1044","togetherness.HL","Hummingbirds",0.0686904761904762,"8.2013"
"1045","C.score.HL","Hummingbirds",0.714093915343915,"8.2013"
"1046","V.ratio.HL","Hummingbirds",1.66924564796905,"8.2013"
"1047","discrepancy.HL","Hummingbirds",24,"8.2013"
"1048","extinction.slope.HL","Hummingbirds",2.05185988850602,"8.2013"
"1049","robustness.HL","Hummingbirds",0.668058528807839,"8.2013"
"1050","functional.complementarity.HL","Hummingbirds",73.9923340405257,"8.2013"
"1051","partner.diversity.HL","Hummingbirds",0.857195328280458,"8.2013"
"1052","generality.HL","Hummingbirds",2.73368113676371,"8.2013"
"1053","Raw.Camera","Hummingbirds",99,"8.2013"
"1054","Raw.Transect","Hummingbirds",38,"8.2013"
"1055","connectance","Plants",0.150735294117647,"8.2013"
"1056","web asymmetry","Plants",-0.0303030303030303,"8.2013"
"1057","links per species","Plants",1.24242424242424,"8.2013"
"1058","number of compartments","Plants",1,"8.2013"
"1059","compartment diversity","Plants",NA,"8.2013"
"1060","cluster coefficient","Plants",0.117647058823529,"8.2013"
"1061","nestedness","Plants",18.6134969188138,"8.2013"
"1062","weighted nestedness","Plants",0.368543323804103,"8.2013"
"1063","weighted NODF","Plants",12.3828125,"8.2013"
"1064","interaction strength asymmetry","Plants",-0.0310545910845151,"8.2013"
"1065","specialisation asymmetry","Plants",-0.0378246636775108,"8.2013"
"1066","linkage density","Plants",2.83747274825404,"8.2013"
"1067","weighted connectance","Plants",0.0859840226743649,"8.2013"
"1068","Fisher alpha","Plants",NA,"8.2013"
"1069","Shannon diversity","Plants",3.2787229760182,"8.2013"
"1070","interaction evenness","Plants",0.584880261065763,"8.2013"
"1071","Alatalo interaction evenness","Plants",0.724685281905119,"8.2013"
"1072","H2","Plants",0.687927326472286,"8.2013"
"1073","number.of.species.HL","Plants",17,"8.2013"
"1074","mean.number.of.shared.partners.HL","Plants",0.433823529411765,"8.2013"
"1075","cluster.coefficient.HL","Plants",0.246144480519481,"8.2013"
"1076","weighted.cluster.coefficient.HL","Plants",0.0737521728333747,"8.2013"
"1077","niche.overlap.HL","Plants",0.129671616556901,"8.2013"
"1078","togetherness.HL","Plants",0.0791316526610644,"8.2013"
"1079","C.score.HL","Plants",0.697665732959851,"8.2013"
"1080","V.ratio.HL","Plants",1.26765799256506,"8.2013"
"1081","discrepancy.HL","Plants",23,"8.2013"
"1082","extinction.slope.HL","Plants",1.97230474762259,"8.2013"
"1083","robustness.HL","Plants",0.658105456859004,"8.2013"
"1084","functional.complementarity.HL","Plants",77.8792028218437,"8.2013"
"1085","partner.diversity.HL","Plants",0.991702613762329,"8.2013"
"1086","generality.HL","Plants",2.94126435974438,"8.2013"
"1087","Raw.Camera","Plants",99,"8.2013"
"1088","Raw.Transect","Plants",38,"8.2013"
"1089","connectance","Hummingbirds",0.2,"8.2014"
"1090","web asymmetry","Hummingbirds",-0.111111111111111,"8.2014"
"1091","links per species","Hummingbirds",0.888888888888889,"8.2014"
"1092","number of compartments","Hummingbirds",2,"8.2014"
"1093","compartment diversity","Hummingbirds",1.9508174262051,"8.2014"
"1094","cluster coefficient","Hummingbirds",0.15,"8.2014"
"1095","nestedness","Hummingbirds",25.2718008258556,"8.2014"
"1096","weighted nestedness","Hummingbirds",NA,"8.2014"
"1097","weighted NODF","Hummingbirds",13.013698630137,"8.2014"
"1098","interaction strength asymmetry","Hummingbirds",0.305555555555556,"8.2014"
"1099","specialisation asymmetry","Hummingbirds",0.0868395048102447,"8.2014"
"1100","linkage density","Hummingbirds",2.27427014369767,"8.2014"
"1101","weighted connectance","Hummingbirds",0.126348341316537,"8.2014"
"1102","Fisher alpha","Hummingbirds",NA,"8.2014"
"1103","Shannon diversity","Hummingbirds",2.72357144481748,"8.2014"
"1104","interaction evenness","Hummingbirds",0.621532380306988,"8.2014"
"1105","Alatalo interaction evenness","Hummingbirds",0.942192394815401,"8.2014"
"1106","H2","Hummingbirds",0.704192104091517,"8.2014"
"1107","number.of.species.HL","Hummingbirds",8,"8.2014"
"1108","mean.number.of.shared.partners.HL","Hummingbirds",0.25,"8.2014"
"1109","cluster.coefficient.HL","Hummingbirds",0.274285714285714,"8.2014"
"1110","weighted.cluster.coefficient.HL","Hummingbirds",0,"8.2014"
"1111","niche.overlap.HL","Hummingbirds",0.118203561789088,"8.2014"
"1112","togetherness.HL","Hummingbirds",0.0669642857142857,"8.2014"
"1113","C.score.HL","Hummingbirds",0.772321428571429,"8.2014"
"1114","V.ratio.HL","Hummingbirds",0.979591836734694,"8.2014"
"1115","discrepancy.HL","Hummingbirds",11,"8.2014"
"1116","extinction.slope.HL","Hummingbirds",1.76712024218623,"8.2014"
"1117","robustness.HL","Hummingbirds",0.636593104718444,"8.2014"
"1118","functional.complementarity.HL","Hummingbirds",15.0266646609847,"8.2014"
"1119","partner.diversity.HL","Hummingbirds",0.831265043376702,"8.2014"
"1120","generality.HL","Hummingbirds",2.6732159682082,"8.2014"
"1121","Raw.Camera","Hummingbirds",8,"8.2014"
"1122","Raw.Transect","Hummingbirds",11,"8.2014"
"1123","connectance","Plants",0.2,"8.2014"
"1124","web asymmetry","Plants",-0.111111111111111,"8.2014"
"1125","links per species","Plants",0.888888888888889,"8.2014"
"1126","number of compartments","Plants",2,"8.2014"
"1127","compartment diversity","Plants",1.9508174262051,"8.2014"
"1128","cluster coefficient","Plants",0.15,"8.2014"
"1129","nestedness","Plants",25.6362978706335,"8.2014"
"1130","weighted nestedness","Plants",NA,"8.2014"
"1131","weighted NODF","Plants",13.013698630137,"8.2014"
"1132","interaction strength asymmetry","Plants",0.305555555555556,"8.2014"
"1133","specialisation asymmetry","Plants",0.0868395048102447,"8.2014"
"1134","linkage density","Plants",2.27427014369767,"8.2014"
"1135","weighted connectance","Plants",0.126348341316537,"8.2014"
"1136","Fisher alpha","Plants",NA,"8.2014"
"1137","Shannon diversity","Plants",2.72357144481748,"8.2014"
"1138","interaction evenness","Plants",0.621532380306988,"8.2014"
"1139","Alatalo interaction evenness","Plants",0.942192394815401,"8.2014"
"1140","H2","Plants",0.704192104091517,"8.2014"
"1141","number.of.species.HL","Plants",10,"8.2014"
"1142","mean.number.of.shared.partners.HL","Plants",0.311111111111111,"8.2014"
"1143","cluster.coefficient.HL","Plants",0.242857142857143,"8.2014"
"1144","weighted.cluster.coefficient.HL","Plants",0,"8.2014"
"1145","niche.overlap.HL","Plants",0.202326523379155,"8.2014"
"1146","togetherness.HL","Plants",0.118518518518519,"8.2014"
"1147","C.score.HL","Plants",0.711111111111111,"8.2014"
"1148","V.ratio.HL","Plants",0.379310344827586,"8.2014"
"1149","discrepancy.HL","Plants",9,"8.2014"
"1150","extinction.slope.HL","Plants",1.600939154804,"8.2014"
"1151","robustness.HL","Plants",0.607201279018282,"8.2014"
"1152","functional.complementarity.HL","Plants",13.7839460639259,"8.2014"
"1153","partner.diversity.HL","Plants",0.559759175024349,"8.2014"
"1154","generality.HL","Plants",1.87532431918715,"8.2014"
"1155","Raw.Camera","Plants",8,"8.2014"
"1156","Raw.Transect","Plants",11,"8.2014"
"1157","connectance","Hummingbirds",0.186868686868687,"9.2013"
"1158","web asymmetry","Hummingbirds",-0.343283582089552,"9.2013"
"1159","links per species","Hummingbirds",2.76119402985075,"9.2013"
"1160","number of compartments","Hummingbirds",1,"9.2013"
"1161","compartment diversity","Hummingbirds",NA,"9.2013"
"1162","cluster coefficient","Hummingbirds",0.122222222222222,"9.2013"
"1163","nestedness","Hummingbirds",15.5446272581782,"9.2013"
"1164","weighted nestedness","Hummingbirds",0.420104923147361,"9.2013"
"1165","weighted NODF","Hummingbirds",16.4276264276264,"9.2013"
"1166","interaction strength asymmetry","Hummingbirds",-2.18517027113907,"9.2013"
"1167","specialisation asymmetry","Hummingbirds",0.180780666072193,"9.2013"
"1168","linkage density","Hummingbirds",6.89068063618835,"9.2013"
"1169","weighted connectance","Hummingbirds",0.102845979644602,"9.2013"
"1170","Fisher alpha","Hummingbirds",NA,"9.2013"
"1171","Shannon diversity","Hummingbirds",4.666800807788,"9.2013"
"1172","interaction evenness","Hummingbirds",0.676572982791469,"9.2013"
"1173","Alatalo interaction evenness","Hummingbirds",0.72219652442126,"9.2013"
"1174","H2","Hummingbirds",0.554271721831134,"9.2013"
"1175","number.of.species.HL","Hummingbirds",22,"9.2013"
"1176","mean.number.of.shared.partners.HL","Hummingbirds",1.85714285714286,"9.2013"
"1177","cluster.coefficient.HL","Hummingbirds",0.380601040988921,"9.2013"
"1178","weighted.cluster.coefficient.HL","Hummingbirds",0.65889141429008,"9.2013"
"1179","niche.overlap.HL","Hummingbirds",0.0971507067250451,"9.2013"
"1180","togetherness.HL","Hummingbirds",0.0790816326530612,"9.2013"
"1181","C.score.HL","Hummingbirds",0.555938954392775,"9.2013"
"1182","V.ratio.HL","Hummingbirds",10.2864222001982,"9.2013"
"1183","discrepancy.HL","Hummingbirds",77,"9.2013"
"1184","extinction.slope.HL","Hummingbirds",4.52711186943328,"9.2013"
"1185","robustness.HL","Hummingbirds",0.798875239330418,"9.2013"
"1186","functional.complementarity.HL","Hummingbirds",114.477993548063,"9.2013"
"1187","partner.diversity.HL","Hummingbirds",2.18649386115315,"9.2013"
"1188","generality.HL","Hummingbirds",10.3916048765872,"9.2013"
"1189","Raw.Camera","Hummingbirds",0,"9.2013"
"1190","Raw.Transect","Hummingbirds",105,"9.2013"
"1191","connectance","Plants",0.186868686868687,"9.2013"
"1192","web asymmetry","Plants",-0.343283582089552,"9.2013"
"1193","links per species","Plants",2.76119402985075,"9.2013"
"1194","number of compartments","Plants",1,"9.2013"
"1195","compartment diversity","Plants",NA,"9.2013"
"1196","cluster coefficient","Plants",0.122222222222222,"9.2013"
"1197","nestedness","Plants",15.5066365707565,"9.2013"
"1198","weighted nestedness","Plants",0.427138502371865,"9.2013"
"1199","weighted NODF","Plants",16.4276264276264,"9.2013"
"1200","interaction strength asymmetry","Plants",-2.18517027113907,"9.2013"
"1201","specialisation asymmetry","Plants",0.180780666072193,"9.2013"
"1202","linkage density","Plants",6.89068063618835,"9.2013"
"1203","weighted connectance","Plants",0.102845979644602,"9.2013"
"1204","Fisher alpha","Plants",NA,"9.2013"
"1205","Shannon diversity","Plants",4.666800807788,"9.2013"
"1206","interaction evenness","Plants",0.676572982791469,"9.2013"
"1207","Alatalo interaction evenness","Plants",0.72219652442126,"9.2013"
"1208","H2","Plants",0.554271721831134,"9.2013"
"1209","number.of.species.HL","Plants",45,"9.2013"
"1210","mean.number.of.shared.partners.HL","Plants",1.40707070707071,"9.2013"
"1211","cluster.coefficient.HL","Plants",0.214692005618544,"9.2013"
"1212","weighted.cluster.coefficient.HL","Plants",0.830314402003978,"9.2013"
"1213","niche.overlap.HL","Plants",0.217777576836919,"9.2013"
"1214","togetherness.HL","Plants",0.164848484848485,"9.2013"
"1215","C.score.HL","Plants",0.458926311489804,"9.2013"
"1216","V.ratio.HL","Plants",2.37392603660814,"9.2013"
"1217","discrepancy.HL","Plants",79,"9.2013"
"1218","extinction.slope.HL","Plants",3.16469517774752,"9.2013"
"1219","robustness.HL","Plants",0.74800132530619,"9.2013"
"1220","functional.complementarity.HL","Plants",145.922814868386,"9.2013"
"1221","partner.diversity.HL","Plants",1.12227396769916,"9.2013"
"1222","generality.HL","Plants",3.38975639578948,"9.2013"
"1223","Raw.Camera","Plants",0,"9.2013"
"1224","Raw.Transect","Plants",105,"9.2013"
"1225","connectance","Hummingbirds",0.126696832579186,"9.2014"
"1226","web asymmetry","Hummingbirds",-0.133333333333333,"9.2014"
"1227","links per species","Hummingbirds",0.933333333333333,"9.2014"
"1228","number of compartments","Hummingbirds",3,"9.2014"
"1229","compartment diversity","Hummingbirds",1.62432783677561,"9.2014"
"1230","cluster coefficient","Hummingbirds",0.0588235294117647,"9.2014"
"1231","nestedness","Hummingbirds",15.0924770470163,"9.2014"
"1232","weighted nestedness","Hummingbirds",NA,"9.2014"
"1233","weighted NODF","Hummingbirds",8.52803738317757,"9.2014"
"1234","interaction strength asymmetry","Hummingbirds",-0.211982091982092,"9.2014"
"1235","specialisation asymmetry","Hummingbirds",0.0623894914272635,"9.2014"
"1236","linkage density","Hummingbirds",2.37559868021318,"9.2014"
"1237","weighted connectance","Hummingbirds",0.0791866226737727,"9.2014"
"1238","Fisher alpha","Hummingbirds",NA,"9.2014"
"1239","Shannon diversity","Hummingbirds",3.02666053213085,"9.2014"
"1240","interaction evenness","Hummingbirds",0.560683458332938,"9.2014"
"1241","Alatalo interaction evenness","Hummingbirds",0.671600317335528,"9.2014"
"1242","H2","Hummingbirds",0.833729541595596,"9.2014"
"1243","number.of.species.HL","Hummingbirds",13,"9.2014"
"1244","mean.number.of.shared.partners.HL","Hummingbirds",0.230769230769231,"9.2014"
"1245","cluster.coefficient.HL","Hummingbirds",0.190348866819455,"9.2014"
"1246","weighted.cluster.coefficient.HL","Hummingbirds",0,"9.2014"
"1247","niche.overlap.HL","Hummingbirds",0.103902515495335,"9.2014"
"1248","togetherness.HL","Hummingbirds",0.0497863247863248,"9.2014"
"1249","C.score.HL","Hummingbirds",0.806303418803419,"9.2014"
"1250","V.ratio.HL","Hummingbirds",1.54666666666667,"9.2014"
"1251","discrepancy.HL","Hummingbirds",20,"9.2014"
"1252","extinction.slope.HL","Hummingbirds",1.63451256143697,"9.2014"
"1253","robustness.HL","Hummingbirds",0.620906242312884,"9.2014"
"1254","functional.complementarity.HL","Hummingbirds",71.172132143289,"9.2014"
"1255","partner.diversity.HL","Hummingbirds",0.856565207264657,"9.2014"
"1256","generality.HL","Hummingbirds",2.86961878197004,"9.2014"
"1257","Raw.Camera","Hummingbirds",43,"9.2014"
"1258","Raw.Transect","Hummingbirds",58,"9.2014"
"1259","connectance","Plants",0.126696832579186,"9.2014"
"1260","web asymmetry","Plants",-0.133333333333333,"9.2014"
"1261","links per species","Plants",0.933333333333333,"9.2014"
"1262","number of compartments","Plants",3,"9.2014"
"1263","compartment diversity","Plants",1.62432783677561,"9.2014"
"1264","cluster coefficient","Plants",0.0588235294117647,"9.2014"
"1265","nestedness","Plants",15.187763099401,"9.2014"
"1266","weighted nestedness","Plants",NA,"9.2014"
"1267","weighted NODF","Plants",8.52803738317757,"9.2014"
"1268","interaction strength asymmetry","Plants",-0.211982091982092,"9.2014"
"1269","specialisation asymmetry","Plants",0.0623894914272635,"9.2014"
"1270","linkage density","Plants",2.37559868021318,"9.2014"
"1271","weighted connectance","Plants",0.0791866226737727,"9.2014"
"1272","Fisher alpha","Plants",NA,"9.2014"
"1273","Shannon diversity","Plants",3.02666053213085,"9.2014"
"1274","interaction evenness","Plants",0.560683458332938,"9.2014"
"1275","Alatalo interaction evenness","Plants",0.671600317335528,"9.2014"
"1276","H2","Plants",0.833729541595596,"9.2014"
"1277","number.of.species.HL","Plants",17,"9.2014"
"1278","mean.number.of.shared.partners.HL","Plants",0.25,"9.2014"
"1279","cluster.coefficient.HL","Plants",0.188811188811189,"9.2014"
"1280","weighted.cluster.coefficient.HL","Plants",0,"9.2014"
"1281","niche.overlap.HL","Plants",0.150133248083431,"9.2014"
"1282","togetherness.HL","Plants",0.0720996732026144,"9.2014"
"1283","C.score.HL","Plants",0.775428921568627,"9.2014"
"1284","V.ratio.HL","Plants",0.8,"9.2014"
"1285","discrepancy.HL","Plants",17,"9.2014"
"1286","extinction.slope.HL","Plants",1.38476076007162,"9.2014"
"1287","robustness.HL","Plants",0.581457357753916,"9.2014"
"1288","functional.complementarity.HL","Plants",70.2113042599731,"9.2014"
"1289","partner.diversity.HL","Plants",0.538580273635641,"9.2014"
"1290","generality.HL","Plants",1.88157857845633,"9.2014"
"1291","Raw.Camera","Plants",43,"9.2014"
"1292","Raw.Transect","Plants",58,"9.2014"
